Id,Expected,Usage
0,800 82 55 23,Public
1,263 2667 2668 2704 240 276 281,Public
2,184 2522 5 927,Public
3,0 57 66 29,Public
4,104 33 29,Public
5,4896 3313 2513,Public
6,3314 2019 187 2973,Public
7,320 544 382 675 190,Public
8,561 2843 1 2695,Public
9,3 7 2552 138 2516 2520 2523 4830,Public
10,66 489 1613 146 1558,Public
11,2512 98 3076,Public
12,66 2979 2954 2961 82,Public
13,178 53,Public
14,0 105 11 2714 5339,Public
15,2616 2612 2607,Public
16,3186 91 3150,Public
17,4200 26 37,Public
18,10 26 802 183,Public
19,1387 1419 1557 1463,Public
20,2612 2629,Public
21,178 2178 3470 2496,Public
22,4891 1 147 5,Public
23,104 1841 1762 1400,Public
24,2624 2631 2600 2603 2646 2622 2623,Public
25,1460 1389 1390,Public
26,19 1503 179 63,Public
27,3145,Public
28,273 209 180 184 3004,Public
29,52 149 3470,Public
30,686 3887 560 3871 3898 191,Public
31,5249 3470 2695,Public
32,4859 3148 4838,Public
33,179 1821 3315,Public
34,1441 1876 15,Public
35,961 14,Public
36,1409 1387 1516,Public
37,56 1460 1564 1384,Public
38,2249 3888 2194 2963 3898,Public
39,307 194 67 541,Public
40,54 3145 147 70,Public
41,196 7 178 181 87 28,Public
42,1 2594 4820,Public
43,481 489 179 281 700,Public
44,4328 4233 56 231,Public
45,12 13 207 21 22,Public
46,120 73 85,Public
47,1775 76 15 1383,Public
48,18 3635 1528 157 3934 3839,Public
49,308 701 246 927,Public
50,2669 2734 179 2683 2686,Public
51,4808 4841 2540,Public
52,1431 1394 15 1383,Public
53,4817 4827,Public
54,1232 9 2291 3470,Public
55,2753 5249 3518 2807,Public
56,291 47,Public
57,80 9 4,Public
58,4817 4818,Public
59,37 230 42 842 475,Public
60,2248 2251 2317,Public
61,1604 4149 4222,Public
62,3854 2350 113 275 3862 3832 3932 3871,Public
63,1894 1862 1384 1649 1693,Public
64,97 124 102 1471,Public
65,3816 3825 3818 3821,Public
66,1128 4282 26 4319,Public
67,5349 3470 149 54,Public
68,64 4227 5035 5100 4405,Public
69,0 4389 4232 4234 4217 4667,Public
70,2843 5337 11 61,Public
71,0 555 2629,Public
72,2837,Public
73,3 6 588 851 2707 179,Public
74,234 19 6,Public
75,4226 5347 2668 147 54,Public
76,4419 4 4233 49 28,Public
77,66 3189 2951,Public
78,4217 26 4405 5022,Public
79,129 3470 2680 3517 2687,Public
80,1537 194 104 75 146 149 55 1657,Public
81,4 9 46 3470 149,Public
82,193 4282 52 7,Public
83,691 47 5030 191,Public
84,37 7 19 179 183,Public
85,128 37 9 242 54 31,Public
86,1445 102 1388 1422 1496 1405,Public
87,2331 3393 2251,Public
88,11 3470 149 2680 2682 61 3517,Public
89,8 41 4131 36,Public
90,0 1 33,Public
91,3961 1210 157,Public
92,224 4642 3335 1384 56,Public
93,1 98 2538 2513 2516 4822 2519 2520,Public
94,376 26 152 23,Public
95,17 51 182 22 154 254,Public
96,4641 3335 1384 1643 4652 1396,Public
97,18 3845,Public
98,1272 191,Public
99,64 1128 4239,Public
100,1128 3236 3936,Public
101,4234 4 4677,Public
102,3145 2514 2516,Public
103,2243 231 4234 2510 54 4185,Public
104,4131 9 4139 1388 4149,Public
105,3941 3877 2285 18 728 3899,Public
106,3177 3194 54,Public
107,32 3521 520 2737 3634 3551,Public
108,139 1420 12 1404 1406,Public
109,5372 61,Public
110,37 135 272 16 4304 54,Public
111,1162 1135,Public
112,2680 5337 5339 3470,Public
113,1416 81 1464 25 29,Public
114,1385 1485 15 25 1402,Public
115,5376 546 5378,Public
116,147 3148 2523,Public
117,4217 4282 239 5023,Public
118,33 3144 3153 82 54,Public
119,56 5341 15,Public
120,3 1128 17 4245 57,Public
121,89 724 213,Public
122,6 209 178 310 246 190,Public
123,1792 3335 2249 4652 2479 3312 3347 3319,Public
124,3493 3478 3479,Public
125,1387 119 1383 39,Public
126,4261 4218 588 4217 4282 31,Public
127,1616 1794 1643 1876,Public
128,11 149 5335,Public
129,1 3522 3517,Public
130,0 69 7 2510 2520,Public
131,0 130 4867 4866 1873 1395 3829 1435 124 1693,Public
132,0 2594 4233 12 2513 147 54 27 4859,Public
133,9 12 51 91 92,Public
134,705 4149 590 17,Public
135,0 99 8 9 154,Public
136,1157 1161 1134 1136 1137 1141,Public
137,97 1410 1383 1385 3466 1517,Public
138,869 22,Public
139,9 2676 3477,Public
140,1544 3335 2480 2479,Public
141,705 193 518 252 373 28,Public
142,0 36 149 2727,Public
143,4643 1393 183 56 189 799,Public
144,3153 3177 2560,Public
145,3473 4867 52,Public
146,195 6 23,Public
147,0 1 4738 7 12 4695,Public
148,3832 1769 3830 3831,Public
149,2521 52 86,Public
150,2844 3470,Public
151,2963 3860 3830 3863,Public
152,14 239 4304 4217 29,Public
153,544 520 277 23,Public
154,73 79 48 82 1398,Public
155,0 2560 7 3182 18 340,Public
156,1 491 178 691 51 182,Public
157,3145 140 60,Public
158,3145 4233 4134 4137,Public
159,321 14 311,Public
160,417 306 67 4853,Public
161,128 4233 4363 49 4219 4220,Public
162,4323 4 149 4695,Public
163,2497 2482 187 3314,Public
164,0 3 70 147 2522,Public
165,26 86 135,Public
166,129 2682 22 9,Public
167,5346 5350 2728 149 5337,Public
168,2704 9 149 5343,Public
169,1841 1721,Public
170,0 2961,Public
171,67 2668 149 2678,Public
172,2715 149 110,Public
173,1588 1558 1383,Public
174,4224 26 5373 14,Public
175,3529 2668,Public
176,195 1769 3830 2297 3934,Public
177,4896 85 56 157 2686,Public
178,3000 3236 1127,Public
179,2512 2178 26 79,Public
180,9 2604 149,Public
181,1 26 10,Public
182,178 1 506 182,Public
183,0 33 2572 147 52,Public
184,3643 3551,Public
185,408 649 541 190,Public
186,2513 2570 12 54,Public
187,208 192,Public
188,5337 2674 3470 2695,Public
189,67 135 233 28 78 340 188,Public
190,11 142 87,Public
191,2952 98 143,Public
192,2178 4 37 4121 3322,Public
193,3098 315 3022,Public
194,3076 3007,Public
195,33 3 4131 70 2537 4818 4858,Public
196,1 289 197 337 541,Public
197,0 1673 56 1402 189,Public
198,54 26 14,Public
199,520 3529 3599 3535,Public
200,34 2537 12 2510 21,Public
201,3168 70 54 5335 93,Public
202,249 178 314 213,Public
203,320 82 3 525,Public
204,196 5126 1128 1233 182 375,Public
205,128 3073 0 4165 146 24 29 31,Public
206,7 9 4233 1204 4221,Public
207,320 0 31,Public
208,2690 67 2667 149 2682,Public
209,2 4 2675 52 2804,Public
210,3335 1710 3312 3317 2973,Public
211,56 8 142 30,Public
212,10 179 63,Public
213,3 12 2510 17 147,Public
214,18 4243 29,Public
215,1137 1157,Public
216,305 2682 2676 190,Public
217,2680 9 11 3470,Public
218,0 4669 21 4253,Public
219,3 196 675 75 178 55 31 223,Public
220,1386 1880 1748 56 1694,Public
221,1794 1483 1391 1681 1531 1788 1661,Public
222,69 138 12 2511 17 147 52 2526,Public
223,5341 3244 61 2799,Public
224,961 197 711,Public
225,2560 8,Public
226,11 239 21 56 2522,Public
227,32 1 2708 1257,Public
228,129 10 12 80 82,Public
229,121 60 149 7,Public
230,129 226 227 178 180,Public
231,1465 1729 15,Public
232,0 57,Public
233,224 208 179 372 311,Public
234,188 223 20 215,Public
235,225 5364 23 2970 671,Public
236,1403 4645 189,Public
237,1440 2178 323 4223,Public
238,1 34 869 102 596,Public
239,2633 2601 2618,Public
240,1464 1387 15 1383,Public
241,1417 101 1405 1526,Public
242,29 3 53,Public
243,2 149,Public
244,11 2788,Public
245,160 6 11 3470 3480,Public
246,2 3144 138 44 4817 2520,Public
247,4833 4818 3 54,Public
248,4643 1604 4647 1673 1386 1897,Public
249,2714 179 2671 2679,Public
250,2714 187,Public
251,4817 4843 2526 4919,Public
252,4873 2 12 82,Public
253,480 9 188,Public
254,4137 4130 4178,Public
255,3144 3177 147,Public
256,3315 4819 4135,Public
257,154 414,Public
258,869 139 20 149 119 25 541 1503,Public
259,56 25 4642 1450,Public
260,704 312 348 1384,Public
261,2704 3145 2701,Public
262,1384 1482 42 56 1403,Public
263,4226 11 149 3480 3486,Public
264,520 9 2668 3566 26,Public
265,3369 2479 3312 3313 850 3314,Public
266,3969 3363 3850 3891 3829 2295,Public
267,1735 5201 5202 115 1751 3197,Public
268,129 2774 2669 78,Public
269,3146 2612,Public
270,1 178 99 9,Public
271,5 2511 4817 26 29 4831,Public
272,4413 37 62 2997,Public
273,11 3470 2676 54 26 61,Public
274,1537 1417 1385 1899 1392 55 124,Public
275,40 3328 3470 14,Public
276,192 3143 239 81 4217 4221,Public
277,1566,Public
278,3153 3145 3165 54,Public
279,3181 4817 4818 4149 2558,Public
280,13 11 20 149,Public
281,1 3470,Public
282,1 2774,Public
283,99 237 179 341 89 222,Public
284,64 3236 37 4272 2999 3003,Public
285,0 66 9 586 149 1882 2526,Public
286,1449 1383,Public
287,225 2 3313 54 2521,Public
288,3729 3730 4643 2318,Public
289,320 198 427 410 28,Public
290,2253 2257 3458 2357,Public
291,198 7 16 24 154,Public
292,1841 2178 1404,Public
293,33 358 910 14 51 183 4217 4121,Public
294,8 2513 12,Public
295,4352 4282 4296 279 4218,Public
296,4808 2513 3160 4868,Public
297,1161 2610 2619 2629,Public
298,4130 4131,Public
299,294 113 3953 3829 3898,Public
300,178 29 390,Public
301,2601 2604 2612,Public
302,2680 2681 2714,Public
303,535 82 30 317 190,Public
304,2692 2667 949 149 63,Public
305,4 79 19 20 213 86,Public
306,2704 11 160,Public
307,0 66 68 1487,Public
308,259 5337 11,Public
309,160 4226 6 2668 2669 3470 5366,Public
310,4233 3146 2545 54,Public
311,1384 3730 207,Public
312,4685 247,Public
313,30 2951,Public
314,2249 3898 2251 916,Public
315,3 267 478 959,Public
316,0 104 146 1916 1503,Public
317,0 3 4132 7 12 4817 4820 26,Public
318,13 2704 243 21 2677,Public
319,3493 2667 3470 149 3480 59 5341,Public
320,3335 3952 3312 18 3830,Public
321,1681 1387 102 15,Public
322,2728 11 3470 5367 5337,Public
323,684 179 948 566 187,Public
324,320 2 17 56 29,Public
325,1424 66 1748,Public
326,1384 2709 3335,Public
327,225 4899 4818 2516 4823,Public
328,2848 3556 149,Public
329,7 8 15 760 26,Public
330,73 1481 1390 15,Public
331,4130 2 52,Public
332,289 376 580 178 216,Public
333,520 2673 205 149,Public
334,1413 38 102 1385 1643 1648 1399,Public
335,21 61 149,Public
336,4232 4217 4218,Public
337,144 180 430,Public
338,259 11 3022 499 54 23 2680 5339 189 63,Public
339,2722 2249 2482,Public
340,3145 3149,Public
341,61 2268 5373 5350,Public
342,1 36 6 3027 2835 2842,Public
343,2 4165 1703 44 3312 3313 3315,Public
344,712 21 23 189 30,Public
345,3335 553 2480 3312 275,Public
346,73 9 11,Public
347,4817 5,Public
348,2704 2682 5341 2671,Public
349,1553 1405 101 39,Public
350,78 2702 2670 254,Public
351,147 52 4889 2522 27,Public
352,160 4226 54 135,Public
353,187 31 47,Public
354,2890 34 6 1399,Public
355,0 65 33 4868 5 8,Public
356,3144 105 156 3157,Public
357,5336 9 2604 3470,Public
358,0 2986 2972,Public
359,1139 1135 1167,Public
360,3313 3889 3317 3327,Public
361,1 35 292 2671 221 63,Public
362,1216 4676 1225 20 29 63,Public
363,25 146,Public
364,8 12 4817 4821 86 93,Public
365,394 59 548 23,Public
366,58 67 68 4837,Public
367,226 518 75 16 30,Public
368,5232 5242 4363 5244,Public
369,37 6 266 178 372 598,Public
370,1410 1732 1383 1674 1450 1548 1396 1654 1402,Public
371,4363 5264 916 5238 5242,Public
372,2680 11 3470 54,Public
373,25 4 31 7,Public
374,8 2514 20 2325 86 89,Public
375,129 11 54 105,Public
376,11 157,Public
377,2670 242 2675 2677 566 149 2680 2681,Public
378,4233 4692 4669 7,Public
379,3745 3750 2956 44 3730 3738 2331,Public
380,49 2997,Public
381,3335 1384 1673 1528 2973,Public
382,4218 4423,Public
383,9 3470 4390 5367,Public
384,2682 2677 5 3470,Public
385,69 12 3150 2513 2522,Public
386,67 2724 6 2698 180 149 85 255,Public
387,3144 3148 2672 2676 3189 54 3157 2523,Public
388,5205 5206,Public
389,9 37 149 54,Public
390,66 71 1772 1389 1424 1855,Public
391,2758 6 2728 9 5337 5242,Public
392,2 203 2668 23 281,Public
393,1464 1873 1650 102,Public
394,1882 1703,Public
395,9 4226 149 54,Public
396,2668 3470 149 54 2714,Public
397,704 289 238 14 53 885,Public
398,3514 4647,Public
399,54 2513 147 4878,Public
400,2787 2668 13 2670,Public
401,3144 142,Public
402,11 2188 3470 149 5270 1208,Public
403,4137 3829,Public
404,2955 4637 4639,Public
405,70 3144 147 54 2714,Public
406,1 3 149 86 26 29,Public
407,192 2668 3556,Public
408,42 395 2724,Public
409,2497 3330 1475 3312 2481 3320 3321 1403 1787,Public
410,2480 9 3 29,Public
411,3569 2876,Public
412,2680 5337 9,Public
413,2690 13 149 2687,Public
414,192 4225 231 23 189 63,Public
415,5377 206,Public
416,3458 2250 2284 2255 2289 2298,Public
417,49 2997 4246 7,Public
418,320 196 229 266 203 689 276 184,Public
419,4641 4643 1703 207,Public
420,1411 58 1383 1643 119 56 1402,Public
421,2112 1405 1387 1416,Public
422,266 181 218 187 253,Public
423,3852 3921 3891 3829 1528 3902 191,Public
424,0 54 3766 2519,Public
425,2730 44 3729 3633 1275 2845,Public
426,0 1 3178 3148 147 54 26 2523,Public
427,2603 2622,Public
428,11 149 3470,Public
429,160 59 11 5372,Public
430,312 3 709 554 714 408,Public
431,1 2668 2757,Public
432,192 1 3 135 338 30,Public
433,4384 2668 2672 149 5341 671,Public
434,1671 1386 1570 1399,Public
435,2804 2758 5335,Public
436,5350 9 11 149 2682 61,Public
437,33 5 135 4840 42,Public
438,2692 2668 2701 2671 566,Public
439,2695 105 499 3519,Public
440,5360 23,Public
441,41 4638,Public
442,3 189 142,Public
443,32 34 2668 2676 149 3517,Public
444,3 67 261 11 2704,Public
445,0 9 4843 52,Public
446,105 11 325,Public
447,192 601 427,Public
448,1450 1756 1708 1990,Public
449,2693 3493 9 2480 3480,Public
450,147 2517,Public
451,192 1 135 14 306,Public
452,105 2677 2877 54,Public
453,544 179 180 23 63,Public
454,12 5 52,Public
455,5336 4 149,Public
456,36 29,Public
457,80 2704 2693,Public
458,187 1460,Public
459,194 3 6 552 492 204 113 23 189,Public
460,186 13 2690,Public
461,2 869 3199,Public
462,4363 2251 519,Public
463,250 266 915 709,Public
464,178 802 197 183,Public
465,2682 2669 149,Public
466,4817 2522 2513,Public
467,3144 147 54,Public
468,160 2667 2668 2480,Public
469,4232 4233 3243 4311 26 279,Public
470,135 179 564 823,Public
471,0 37 14,Public
472,0 11 2604 2480 24,Public
473,2714 5341 5335,Public
474,104 73 15,Public
475,1680 1385 86 15,Public
476,1509 1403 52 1797,Public
477,4224 3 2570 78 79 49 4435 27 28,Public
478,2667 179 149 2677 2682 63,Public
479,3144 3145 147 3189 54 2523,Public
480,289 67 933 37 876 179 21 88,Public
481,2305 2273 2248 2480 149,Public
482,1618 1395 15,Public
483,4234 4,Public
484,3312 3363 3315 3299,Public
485,5026 37 6 135 29,Public
486,2513 2510 4149 2526,Public
487,5026 1127 141 4249 219 5022,Public
488,2337 2252 211 2260 2295,Public
489,105 11 4,Public
490,2480 11 13 142,Public
491,5248 3521 2753,Public
492,27 13 1399,Public
493,26 4379,Public
494,9 149 5337 61 62,Public
495,2513 12 52 7,Public
496,56 3335 1460 207,Public
497,1 3517 2709 207,Public
498,266 190,Public
499,88 513 3236 2263,Public
500,129 178 182 699 188,Public
501,2680 34 2696 5341,Public
502,1667 111 1392 1968 1404,Public
503,19 194 3 6,Public
504,9 30 7,Public
505,4225 2753 5027 4249 3327,Public
506,3315 1397 3335,Public
507,2787 2727 2667 2870 471 2905 28,Public
508,1 79 4143 17 4851,Public
509,2672 1 2668 2704,Public
510,56 1396 4646 1415,Public
511,3 9 52 54 24,Public
512,5341 3470 5367,Public
513,257 711 178 83 315 190,Public
514,33 2546 2518 27 2526,Public
515,1384 1403 4647,Public
516,1475 104 3312 567 56 3326,Public
517,2667 2699 3470 179 5372,Public
518,1641 15 1721 1531 1661,Public
519,3144 3157 157 54,Public
520,0 5 8 2513 2522,Public
521,1 66 9 11 54 5341,Public
522,2728 2667 3479,Public
523,1 68 5 17 26 29,Public
524,2839 149 63,Public
525,503 3 341 181,Public
526,68 4823,Public
527,2968 36 3477 54,Public
528,9 2 35,Public
529,33 3 72 12 2511 2516 52 54,Public
530,224 2276 883 149 2680 187,Public
531,2560 4226 36 3157 54,Public
532,98 9 12 52 149 86,Public
533,2695 714 186 637 30 63,Public
534,1506 101 1387 1585 114 56,Public
535,227 178 857 282 60 190 63,Public
536,2698 52 6 2714,Public
537,4817 147 4901,Public
538,5337 5372,Public
539,5374 206 6,Public
540,1417 2 29 15,Public
541,160 65 1 320 179,Public
542,5337 2682 3470 5358,Public
543,9 149 102 23,Public
544,70 3145 2249 12 2675 3835,Public
545,32 162 6 7 14 29,Public
546,4817 2546 4818 4820,Public
547,2673 86,Public
548,3239 3236 309 1127,Public
549,56 1530 1413 1790,Public
550,0 1 33,Public
551,0 170 234,Public
552,2693 179 3477 3481 61,Public
553,66 1660 1957 1418,Public
554,2736 3556 3471,Public
555,2560 17 8,Public
556,1 196 6 719 82,Public
557,5341 3470,Public
558,2248 2682 276 2693,Public
559,34 5346 2695 9 2604 2677 2714 1243,Public
560,191 8 11 45 17 127 63,Public
561,2888 1305 1210 63,Public
562,5066 309 565 3866 63,Public
563,705 178,Public
564,3042 578 5 12 4819 20 26,Public
565,423 238 565 253 541,Public
566,1401 1387 1390 1518 1456 25,Public
567,739 78 273 189 255,Public
568,3346 2677 5336 2682 5341,Public
569,67 522 944 178 179 372 30,Public
570,26 52 4806,Public
571,2 869 4135 4841 3829 4889,Public
572,17 26 5340 2604,Public
573,664 866 19 53,Public
574,193 2178 2182 4137 4121 2522 2717,Public
575,9 66 147 29,Public
576,59 255 182 63,Public
577,1483 1550 1919,Public
578,2787 3523 3527 3529 3537,Public
579,0 4194,Public
580,0 8 4841 41 4819 2521,Public
581,190 527,Public
582,192 611 77 16 180 23 184 90,Public
583,289 149 2680 2714 61,Public
584,320 2951,Public
585,4234 2532 2525,Public
586,2633 2612 2646 2631,Public
587,5372 2676 5350,Public
588,58 1395 85,Public
589,4321 37 2693 589 54 28,Public
590,0 2 12,Public
591,169 33 26 2,Public
592,3470,Public
593,66 4868 108 12 2522,Public
594,2 4131 12,Public
595,3312 4817 1390,Public
596,3153 3146 3147 54,Public
597,0 4901 8 4973 4916 93,Public
598,179 5206,Public
599,2 1388 3829,Public
600,160 149 5337 5340 5373,Public
601,75 275 189 154,Public
602,2695 2251 2668 2674 254,Public
603,99 2694 6 2806 2714,Public
604,2721 183,Public
605,1 73 1741 1390 59,Public
606,2 3835 4165 4149,Public
607,2528 2570 2526,Public
608,2765 2757 47 2695,Public
609,4617 2891 2668 179 2749,Public
610,3145 586 12 110 52 4821 54,Public
611,1209 1204 1253 157,Public
612,5201 5202 2647,Public
613,194 195 37 404 30,Public
614,0 4868 2951 2957 82,Public
615,9 5 5350 15,Public
616,33 4817,Public
617,3147 147 54,Public
618,112 1618 124 1464,Public
619,206 16 49 630 183,Public
620,4329 42 14 15 29,Public
621,15,Public
622,33 98 52,Public
623,2273 2647 3731 3732 3319,Public
624,98 99 12 5,Public
625,455 2730 2670 5266 116 149 2807,Public
626,157 3917 3934 191,Public
627,4232 4233 4 37,Public
628,2668 3476 2669,Public
629,5204 4133,Public
630,2616 2601 2600,Public
631,1 99 22,Public
632,97 79 7,Public
633,3314 149 3470,Public
634,4217 4234 259 4297,Public
635,3513 3829,Public
636,4218 4282 4219 31 29 4447,Public
637,2668 149,Public
638,9 161 29,Public
639,8 4868 5,Public
640,160 1 34 2728 2668 3566 3551,Public
641,1649 157,Public
642,2680 3312 2480,Public
643,5335,Public
644,217 2682 46,Public
645,116 59 2668 149,Public
646,1435 1476 1389 2110,Public
647,3317 2 3892 3829,Public
648,1386 1421 20 1594 1403,Public
649,4130 2 54 2582,Public
650,8 2249 18 3315 571 3868,Public
651,1209 1204 149,Public
652,2619 2622 2615,Public
653,2680 305 2668 2695,Public
654,326 808 2286 211 2327 91,Public
655,5376 474 5381 206,Public
656,0 5 79 4817 52 3159 93,Public
657,1385 157,Public
658,1392 1577 124 45,Public
659,4233 2567 2519,Public
660,2522 52 12,Public
661,1609 1681 1885 134,Public
662,2681 2668 13 3638,Public
663,5232 5258,Public
664,33 2594 3 2513 4825,Public
665,0 70 7 12 4820,Public
666,33 4149 4137,Public
667,427 341,Public
668,696 178 10 3,Public
669,194 179 198,Public
670,2680 9 11 5356,Public
671,2513 3148 86 79,Public
672,75 613,Public
673,1385 1386 1649 146 1745 1686 55 1558 1404,Public
674,1624 1654,Public
675,1 2692 2667 2672 2842,Public
676,81 194 180 566,Public
677,2697 13 149 2682,Public
678,4282 4259 4308 5023,Public
679,0 9 5335 62 63,Public
680,146 10 87,Public
681,0 193 37 70 12 79 18 24 29,Public
682,2675 6 207,Public
683,1384 1673 66 102,Public
684,1607 1384 1385 15 52,Public
685,2693 3470 2768 180 4223,Public
686,1771 1394 58 1947 1852,Public
687,709 232 969 113 339 22 543,Public
688,4817 4130 2526,Public
689,320 2961 66,Public
690,0 9 149,Public
691,5209 9 1751,Public
692,1418 1452 38,Public
693,4136 12 149 54,Public
694,4968 3314 4819 3386 91,Public
695,33 4174 4146 2675 4220 4221,Public
696,66 1443 7 1708 29,Public
697,56 1396 4652,Public
698,98 135 426 178 23,Public
699,102 3335 39 2482 115 1753 187 1407,Public
700,2704 5077 311,Public
701,2600 1161 2601,Public
702,443 5048 251 4638 191,Public
703,40 9 149 79,Public
704,5346 9 11 5335 2680 2682 5373,Public
705,66 41 4819 4821 3326,Public
706,45 22 671,Public
707,1 14 9 30,Public
708,1218 105 2704 2804 2682 5372,Public
709,184 80 37 47,Public
710,1798 1383 15 1392 1395,Public
711,3312 3323 3366,Public
712,2667 2668 2254,Public
713,129 3 99 181 23 668,Public
714,1632 1473 1726 1654,Public
715,3029 169 4165 311,Public
716,2692 1 2860 149,Public
717,208 4825 4178 86,Public
718,66 1389 1503,Public
719,88 1 23 935,Public
720,2695 5360 2832 242 2674 179,Public
721,1569 1390 1775 1427 85 1887,Public
722,257 819 196 23,Public
723,12 77 54,Public
724,8 5339 149,Public
725,2746 2677 3781 149,Public
726,11 2677 149,Public
727,2667 4283 37,Public
728,2680 2283 3470 2299,Public
729,4223 5346 5350 5335,Public
730,1536 97 1443 1413 1802 1744 1790,Public
731,202 2693,Public
732,2680 2667 2699,Public
733,5027 4413 37 4221,Public
734,1545 2106 1447,Public
735,2753 552 815 179 5242,Public
736,4641 1384 40 430 56,Public
737,1 2 146 19 20 692 87,Public
738,1443 1412 1413 4591 1564 1503,Public
739,4817 27 5,Public
740,2880 36 520 13 2675 149 2680,Public
741,5337 2714 180 54,Public
742,6 7 104 237 21 22 283,Public
743,32 1681 56,Public
744,65 21 22 55,Public
745,2712 2673 2667,Public
746,2695 5337 5242 5372 1277,Public
747,872 1 149 671,Public
748,3145 82 108 1,Public
749,17 1435 3825,Public
750,0 1 4868 2574 2517 4830,Public
751,520 2668 2678 2680,Public
752,207 4645 189 3335,Public
753,3265 41 2255 179 149,Public
754,1384 1387 1726,Public
755,1729 194 3298 1674 1483 146 55,Public
756,2570 2511 2514 211 2516 4851 27,Public
757,320 0 427 4124 4121 1404,Public
758,2248 2480 2258 4243 149 91,Public
759,1409 1383 1392 85 1399 1402 1723 1437,Public
760,1392 1947,Public
761,281 82,Public
762,51 59 869,Public
763,2692 2669,Public
764,4817 4820 151,Public
765,33 2 456 42 239 4402 21 5053,Public
766,128 6 7 14 82 4370 89,Public
767,0 70 3148 3188 54,Public
768,1386 66 85 55,Public
769,744 82 23,Public
770,129 4227 42 2668 79 179 21 246 22 24 153,Public
771,9 79 179 5341 2621,Public
772,4297 4282 3236 4218,Public
773,745 59 6 831,Public
774,52 31 2510 7,Public
775,6 1128 179 54 63,Public
776,147 188 79,Public
777,240 545 59 224,Public
778,1860 15,Public
779,12 149 52,Public
780,0 3176 52 23 2520,Public
781,2528 4873 2525 2518,Public
782,5073 692 209 37,Public
783,5340 5335,Public
784,128 4328 49 4405 4217,Public
785,3177 3195 5,Public
786,2480 1753 2479,Public
787,4241 4249 4218,Public
788,2249 3314 1787 191,Public
789,2480 4235 3334 3319,Public
790,15 1879 1433 1468 1471,Public
791,1 4 2668 622 149 3829,Public
792,3 2604 2804 149 2682,Public
793,1683 1508 5219,Public
794,2 3 5 70 3145 147 54,Public
795,1659 1781 1383,Public
796,14 178 243 22 248 541,Public
797,17 84 15,Public
798,9 54,Public
799,4224 5202 3470,Public
800,1208 1217 4 157,Public
801,0 98 1384 1386,Public
802,3176 2523,Public
803,67 179 916,Public
804,256 194 9 149 23,Public
805,2672 3470 28 5366,Public
806,2528 3316 3325,Public
807,320 2178 968 3312 185,Public
808,1 33 14 561 178 31,Public
809,0 2 11 49 82 28,Public
810,4866 231 394 78 2512,Public
811,744 3,Public
812,5338 2604 149 3470,Public
813,184 3 87 199,Public
814,9 47 54 5335 2680,Public
815,193 3 551 873 493 178 338 51,Public
816,4218 3243 4283 4230,Public
817,395 212,Public
818,0 3 2582,Public
819,5248 346 11 54,Public
820,64 301 184,Public
821,1 194 227 276 341,Public
822,5337 5341 49,Public
823,1 2667 60 7,Public
824,81 178 979 332,Public
825,3272 4133 4822,Public
826,2576 33 3154 2523,Public
827,129 2693 2774 2671,Public
828,11 2513 3,Public
829,1893 1478 1957 1394 1430,Public
830,160 1 32 2693 2668 2767,Public
831,5346 9 2704 2714 61,Public
832,2668 76 2672 52 21,Public
833,5 1769 2513 17 29 191,Public
834,129 33 3 44 149 5336,Public
835,2806 210 22 79,Public
836,19 61 5205,Public
837,5242 5259 4348,Public
838,4353 4219 4380 37,Public
839,192 193 261 422 51 372 350,Public
840,2722 2691 149 3335,Public
841,192 196 714 396 180,Public
842,105 3237 2695,Public
843,8 108 12 2510 3313 147,Public
844,2787 5338 46 3022 2677 2774 5335 2714 2746,Public
845,193 26 2998,Public
846,3013 3017 3021 711,Public
847,5077 309 430 711,Public
848,2184 2187,Public
849,4896 12 2542,Public
850,1472 1435,Public
851,4866 2572 2512 54 120 2521 27 93,Public
852,184 23 127,Public
853,4292 8 239 29 4413,Public
854,1835 20 573 1446,Public
855,160 2747,Public
856,2680 129 11 12,Public
857,1 266 49 23,Public
858,4217 4219 3236 239,Public
859,4233 4,Public
860,2546 3 86,Public
861,3312 3313 3320 187 3326,Public
862,37 204 507 189 63,Public
863,2248 91 2251 2295,Public
864,4121 4381 4390,Public
865,4170 4555 5035 1779 4540,Public
866,3470 54 4282 5340 29,Public
867,1 52 54 26 92,Public
868,2680 2699 2668,Public
869,65 99 7 4233 49,Public
870,1401 1594 1399,Public
871,622 270 51 182 184 383,Public
872,200 10 188 269,Public
873,17 2 1 23,Public
874,0 4226 36 9 2677,Public
875,2570 3835 31,Public
876,320 193 2178 1434,Public
877,1442 1603 1391 15,Public
878,783 2480 3313 2484 2680 3517,Public
879,4282 4217 4314 4313,Public
880,560 1637 2973,Public
881,4217 51 191,Public
882,320 2178 98,Public
883,1531 1517 15,Public
884,34 3074 3012 4621,Public
885,0 33 231 3145 12,Public
886,1152 1161 3022 1167 2256 2677 2684,Public
887,2668 2693 149,Public
888,128 4 7 4237 4689,Public
889,203 78 179 281 154 671,Public
890,260 14,Public
891,121 797 3830,Public
892,3328 2667 11 3470 2671 2704 2679 2680,Public
893,4817 4234 5 54,Public
894,0 3 2526,Public
895,886 179 196 22,Public
896,3840 5249 2753 36 5259 3964,Public
897,664 3529 2668,Public
898,17 546,Public
899,66 71 1385 1485 1395,Public
900,0 9 5339 54,Public
901,352 228 196 328 221,Public
902,1 2523 3236 2513,Public
903,1269 2266 11 2677,Public
904,4817 4818 4149,Public
905,129 1 261 249 63,Public
906,3145 4131 4817,Public
907,56 74 11 1406,Public
908,1472 2980 2952,Public
909,3145 239 3027 4949 4822,Public
910,4390 2671 2709 149 1595 61,Public
911,56 42 37,Public
912,2178 16 212 1206 2974,Public
913,3488 5337 3480,Public
914,4136 4939 12 4843,Public
915,3177 3835 3148 54,Public
916,4226 4233 105 12 49 82 86 26 27 4413,Public
917,2 4131 4165 4149,Public
918,2695 873 586 2668 367 2680,Public
919,4217 4282 90,Public
920,18 4868 92,Public
921,7 8 11 178 541,Public
922,3361 2514,Public
923,1408 1386 1575 1383,Public
924,5351 9 105 11 149 5366 5335 410,Public
925,1 283 189 239,Public
926,2480 2677,Public
927,9 27 54,Public
928,1441 38 39 102 1390 1391 1877 56 1658,Public
929,480 267 308 21 215 318,Public
930,2667 11 4223,Public
931,169 26 4165 149,Public
932,67 52 3470,Public
933,1 3 2766 2671 2685,Public
934,1 154 85 87,Public
935,1161 1178 1149 1141,Public
936,5335 105 9 11 2728 87 2714,Public
937,0 91 147 29,Public
938,33 8 3470 2704 149,Public
939,138 3829 4150 1210 3899,Public
940,1504 1754 1388,Public
941,209 26 2594,Public
942,54 149 5366 2255,Public
943,744 201 10 142 627,Public
944,2668 3572 3516 3551,Public
945,33 26 70 12 2522,Public
946,75 187 78 6,Public
947,129 82 10 292,Public
948,1384 73 1405 189,Public
949,5350 44 2680 27 3517 671,Public
950,3145 2523,Public
951,1389 1395 45 71,Public
952,499 5028 21 1213,Public
953,4834 4817 2514 151 92,Public
954,1386 1403 180,Public
955,0 3 5 78 147,Public
956,2691 2716 2701,Public
957,2699 2677 2693 79,Public
958,9 5350,Public
959,2728 2714 2667 2773,Public
960,4641 3332 189,Public
961,36 231 3146 146 147 54 56 29,Public
962,577 266 331 654,Public
963,809 194 2668 214,Public
964,0 33 70 2567 3146 78 211,Public
965,9 3470,Public
966,1 2668 2701 2709 149 28,Public
967,178 83 183,Public
968,9 3470 149 1790,Public
969,128 4234 239 4217 4218 4219 31,Public
970,3494 3498 11 202 2480 3480,Public
971,2308 2248 2251 44 2298,Public
972,4144 4817 4130,Public
973,2757 11 3470 149 2714,Public
974,257 190 225 14,Public
975,1 5 6 42 21 86 56 191,Public
976,24 49 12 7,Public
977,41 2523 52 2532,Public
978,5204 5207 1751,Public
979,4256 128 4224 1128 29,Public
980,4227 5027 682 938 4236 239 5107 4405 2997,Public
981,1385 1458 1643,Public
982,4121 2482 1460,Public
983,1383 1384 1387 1422 1456 1395 1621 119,Public
984,0 9 147 55 59 93,Public
985,192 6 724 52 149 30,Public
986,128 4261 279,Public
987,194 578 7,Public
988,129 14 334 178 28 190,Public
989,224 3 267 347 188 127,Public
990,1384 73 1388 25,Public
991,4218 4227 4222 31,Public
992,29 2781 23,Public
993,2560 2522 2515 54,Public
994,1 4132 12 4147 26,Public
995,73 489 5211 1491,Public
996,1711 1395 101 1383,Public
997,3779 4358 1127 692 1269 2997 3002,Public
998,1547 1385 1499 1740,Public
999,49 4 4222 4692,Public
1000,4224 4 5 7 12 24 26 27 4413,Private
1001,180 572 613 222,Private
1002,2667 2686 2695,Private
1003,0 33 12,Private
1004,18 44 21 54,Private
1005,4261 4218 3243 4217 26,Private
1006,1161 2604 2612,Private
1007,192 1,Private
1008,33 5 4817 2513 91 2527,Private
1009,5201 1388 3177,Private
1010,2 52 3829,Private
1011,1 2533 2511 2515 52,Private
1012,4843 147 2517 4859,Private
1013,4642 3556 4654 207 1396 56,Private
1014,2276 2249 2347 2251 2252 2262,Private
1015,1167 1171 1142 1135,Private
1016,3145 3148,Private
1017,1417 1385 1643 1392 1621,Private
1018,193 4 4218 4314 4337 4282,Private
1019,1410 1384 1385 1387 1488,Private
1020,1396 1435 1580 102,Private
1021,238 179 180 283 30,Private
1022,2704 54,Private
1023,2986 66,Private
1024,5 3013 71 8 49 3513,Private
1025,2536 2546 3917,Private
1026,1609 1401 1506 1383,Private
1027,4233 1219 1309,Private
1028,2673 11 2805,Private
1029,3470 2740 2686,Private
1030,178 202 3480 157,Private
1031,1384 1 3326 207,Private
1032,3 2709 79,Private
1033,192 196 709 711 14 242 178 179 345,Private
1034,67 180 149 2680 2842,Private
1035,4817 4157,Private
1036,201 3 2668 299,Private
1037,98 147 29,Private
1038,2512 149 26 27 2527,Private
1039,1137 1140 1135 1143,Private
1040,178 851 179 183 28,Private
1041,4234 14 304 343 4218,Private
1042,3516 2668 3549,Private
1043,56 66 15,Private
1044,4130 70 3182 79 17 4153 27,Private
1045,5 2951 2953 9 11,Private
1046,2 12,Private
1047,4 2695 9 19 26,Private
1048,4644 1415 1385 1552 1690,Private
1049,9 26 4 29,Private
1050,4225 450 37 4429 700,Private
1051,2624 2628 2600 2633 2604 2643 2617,Private
1052,54 3493 5350,Private
1053,2704 644 566,Private
1054,197 268 239 23 214 183,Private
1055,4259 4218 239 4304 149 5337 2714 5340 31,Private
1056,3520 129 32 5 2686,Private
1057,0 2532 4829 29 2526,Private
1058,128 4244 4310 4223,Private
1059,33 4817,Private
1060,9 5341 149,Private
1061,578 4901 12 4817 86,Private
1062,2668 346 2787 2699,Private
1063,9 18 11 2844,Private
1064,3470 1654,Private
1065,16 149 5337 2714 27 5341 30,Private
1066,0 8 41 426 13 498 152 831,Private
1067,1673 85 1766 15,Private
1068,4131 4138 2763 149,Private
1069,2680 242 2670,Private
1070,4 7 4217 4218 4219,Private
1071,4384 4389 37 3470,Private
1072,9 2570 4121,Private
1073,1 179 2677 149 28,Private
1074,2600 2604 2704 2611 2612 149,Private
1075,7 10 14 308 56 28,Private
1076,4297 86 4247 4249 28,Private
1077,1 2516 12 46,Private
1078,25 1523 3305 15,Private
1079,1384 4641 66 1396,Private
1080,578 260 360 201 619 213 90,Private
1081,11 4131 5347,Private
1082,33 196 95,Private
1083,178 3,Private
1084,569 178 292 23,Private
1085,16 404,Private
1086,9 11 78 2671,Private
1087,1536 132 1414 2234 1503,Private
1088,1217 1218 1252 135 1225 301 1205 341 1272 415,Private
1089,147 3174,Private
1090,9 3470 33,Private
1091,1 202 271 178 179 671,Private
1092,92 13 30 31,Private
1093,2377 44 1296 3730 2647 2651 3771,Private
1094,3145 178 203 703,Private
1095,72 1971 189,Private
1096,162 4676 4 4671,Private
1097,5350 9 54 5341 5373,Private
1098,3312 2249 3348 5341,Private
1099,16 3315 12 7,Private
1100,3877 104 298 107 19 3832 1210 286,Private
1101,704 1408 179 372 180,Private
1102,11 3470 2680 5373 61,Private
1103,2523 147 3190 52,Private
1104,32 2668 2669 243 2681,Private
1105,4676 4 1228 1296 1208 1210,Private
1106,202 3484 3493,Private
1107,1387 1419 1588 1845 1404,Private
1108,0 2 3 37 49 82,Private
1109,3456 24 2576 2520,Private
1110,179 21 22 601 188,Private
1111,358 711 396 654 14 436 213,Private
1112,4662 4644 4652 207,Private
1113,6 208 341 1269 1208 1212,Private
1114,1442 1732 1390 1711 1975 1497 1404,Private
1115,2668 2255,Private
1116,2 3 3951 4149 3829 4150 1210,Private
1117,66 3 5 8 14 4150 86 90 91 4831,Private
1118,67 4131 1667 5 2513 86,Private
1119,1721 1476 1508,Private
1120,27 37 86,Private
1121,203 23 181 63,Private
1122,2528 2512 2513 2516 52 93,Private
1123,4218 3243 4 4310,Private
1124,1409 45 1398 15,Private
1125,1604 1606 1386 1484 1877 1565 1503,Private
1126,0 194 264 8 13 178 23 671,Private
1127,1 36 328 46 149,Private
1128,2512 3459,Private
1129,346 251 4238,Private
1130,0 33 2956 2703 145 57 29,Private
1131,3472 11 3470,Private
1132,56 1385 1394,Private
1133,1667 37 9 1387 119,Private
1134,0 2569 2537,Private
1135,2690 243 2757,Private
1136,2480 1209 2260,Private
1137,2880 149 566,Private
1138,5341 11 149 3470,Private
1139,2843 5366 5350 5335,Private
1140,1168 2680 3470,Private
1141,4217 4293 49,Private
1142,472 199 208 135,Private
1143,105 2667 495 149 2686,Private
1144,1384 56 189 181,Private
1145,80 3617 2680 87,Private
1146,3729 2253,Private
1147,1792 1664 3335 1557 1398 1432,Private
1148,3144 3165,Private
1149,710 199 915 277 190,Private
1150,1426 1397 1388 1437,Private
1151,2704 179 243 149,Private
1152,4896 0 578 1667 2986 115 28 29,Private
1153,1464 2961 1414,Private
1154,1 3 266 556 848 178 28 63,Private
1155,4820 2526,Private
1156,803 4 2307 1128 11 4242 4217,Private
1157,129 266 67 268,Private
1158,4232 4 13 4222,Private
1159,33 2586 2546 2511,Private
1160,1571 1386 1387 25 1915,Private
1161,2753,Private
1162,2680 52 47 5335,Private
1163,2705 2667 149,Private
1164,98 4131 4134 2763 2514 4149 3829 539 93,Private
1165,224 258 199 233 338 179 404 178 671,Private
1166,33 6 4217 27 29,Private
1167,1145 1161 1155,Private
1168,2520 2675 69 231,Private
1169,33 11 46,Private
1170,280 82 684 54,Private
1171,3312 2479 3335 3343,Private
1172,4292 141,Private
1173,2537 2575 2513 54 2522,Private
1174,9 54 3159,Private
1175,2513 12 52 4825,Private
1176,2 4131 4135,Private
1177,226 580 556 525 80 178,Private
1178,49 79,Private
1179,2537 82 3 12,Private
1180,1401 5210 1427,Private
1181,1424 66 1510,Private
1182,1384 1389 149,Private
1183,2690 42 2667 2668 2671,Private
1184,129 4227 37 3976 9 586 54 534 88 26,Private
1185,178 154 75 197,Private
1186,4862 2532 4149 2510,Private
1187,2510 2515 2516 2517 54 2522 2524,Private
1188,4217 12 85,Private
1189,321 289 5347 149 346 62,Private
1190,160 2668 2358,Private
1191,99 104 169 12 179 183,Private
1192,178 778 37 189,Private
1193,1 2178 3 52 91,Private
1194,0 34,Private
1195,0 2619,Private
1196,128 3236 4 4230 4261 1128 361 49 4218,Private
1197,2667 149 54,Private
1198,4963 4137 41 145 4821,Private
1199,0 3145 147,Private
1200,2963 3364 3829,Private
1201,1672 1485 1404 85,Private
1202,2672 179 54 5335,Private
1203,1386 45 1390 1584 1851 1503,Private
1204,3236 4 4817 54 93,Private
1205,2560 33 12 1413,Private
1206,0 2537 2513 2516 122,Private
1207,1 16 17 22 29,Private
1208,4643 139 157 3335,Private
1209,37 13 207 210 19,Private
1210,2178 12 4814 147 2517 2521 2526,Private
1211,192 195 29,Private
1212,4840 12 4822 2583 4893,Private
1213,3144 9 147 521,Private
1214,1207 1210 740 3855,Private
1215,4217 4218 239,Private
1216,1384 1386 1404 1631,Private
1217,2185 182,Private
1218,2369 578 33 7 2513 52 54 3771,Private
1219,3816 3819 3822,Private
1220,0 9 13,Private
1221,1409 1383 1384 1544 1387 1388 1459 1430 1464 25 124 1405,Private
1222,320 66 67 1386 1775,Private
1223,37 105 266 14 178 664 4220 190 4223,Private
1224,32 36 69 108 84 26 27 92,Private
1225,37 1128 4265 5138 5108 346 1629,Private
1226,26 1127,Private
1227,36 149 3470,Private
1228,57 3634 2668 2695,Private
1229,4130 70 4877 2511 2513 2675 2522 2524,Private
1230,0 2 37 5 2714,Private
1231,1792 1729 6 71 1545 85,Private
1232,2680 179 28 63,Private
1233,2804 5341,Private
1234,200 186 2669 13,Private
1235,3321 2685 2677 6,Private
1236,3 37 151,Private
1237,2276 10 12 79 147 91,Private
1238,4217 239,Private
1239,2667 2677 149 54 5340,Private
1240,16 3 28 541,Private
1241,37 60 29 44,Private
1242,3177 3186 147,Private
1243,1 20,Private
1244,102 1383 1386 1645 1461,Private
1245,0 91 20,Private
1246,3335 3356 191,Private
1247,72 1429 1726,Private
1248,192 209 54 9,Private
1249,2688 2668 149,Private
1250,35 2952 2956 140 3730,Private
1251,2690 79 592 16 187,Private
1252,2668 3529 2676,Private
1253,192 81 210 149,Private
1254,3312 4817 2510,Private
1255,4817 68 2557,Private
1256,672 1 6 104 270 915 696 281 63,Private
1257,2521 2522 4817,Private
1258,135 0 98 7,Private
1259,0 2 52 36,Private
1260,0 2,Private
1261,33 8 108 21 63,Private
1262,16 1 691 934,Private
1263,1161 1140 1167,Private
1264,2688 6 2701 79 149 2686,Private
1265,1633 1606 134 1386 1420 15 1619 1944,Private
1266,1218 3978 48 341 1237 376 1210,Private
1267,0 57 66 2961,Private
1268,4 11 2704 54 29,Private
1269,67 4619 2718,Private
1270,3008 3009 3022 279 3007,Private
1271,2690 67 3470,Private
1272,0 1 2966 92 2526,Private
1273,4224 4 4233 4149 4217 4218,Private
1274,674 474 810 199,Private
1275,2560 33 52 12,Private
1276,9 2714 11 149,Private
1277,4231 5079 4217 26 4252,Private
1278,41 146 1387 97,Private
1279,4962 41 4843 2514 4821 121 93,Private
1280,4130 2 4132 68 17,Private
1281,192 129 353 281,Private
1282,56 1450 4644 4652,Private
1283,1210 275 3948,Private
1284,2560 3187,Private
1285,292 135 10 14 81 89 541,Private
1286,4230 4249 4347 4220 62 4255,Private
1287,4226 31,Private
1288,66 2954 1451 1389 15 2193 29,Private
1289,4232 26 2524 4223,Private
1290,2793 586 2668 51 180,Private
1291,1817 1580 1398 1508,Private
1292,1668 1384 1385 175 1400,Private
1293,12 2514 52 4822 2552,Private
1294,9 11 2668 3470 5360 2677,Private
1295,66 4643 71 106 79 1425 56,Private
1296,2676 2682 276 2671,Private
1297,5336 5339 2686,Private
1298,105 11,Private
1299,4824 33 26 140,Private
1300,160 34 11 2669 29 3157 2680 5373,Private
1301,1793 1384 1385 15 114 1395 1428 1845 1588 119 56,Private
1302,147 239,Private
1303,79 400 147 54 57,Private
1304,1748 1539 1419 85,Private
1305,9 175 2704 26 5341,Private
1306,2680 9 4242 4233,Private
1307,9 1654,Private
1308,133 1421 1453 146 1400 124,Private
1309,33 4130 54 4135,Private
1310,129 2522 12 70,Private
1311,0 4817 4186 4822,Private
1312,225 4834 3027,Private
1313,195 6 1127,Private
1314,8 4842 52 4831,Private
1315,2680 3840 3517,Private
1316,4678 78,Private
1317,2344 4817 3729,Private
1318,1667 1383 15 1400 1756 1437,Private
1319,0 3076 69,Private
1320,17 298 705 2551,Private
1321,4817 4892 7 199,Private
1322,1384 3730 115 207,Private
1323,320 193 227 16 1397 29,Private
1324,33 5 2513 4853,Private
1325,2560 0 26 4282,Private
1326,295 427 179 180 89,Private
1327,11 3490 5339 5341,Private
1328,0 18 12 2542,Private
1329,200 2668 242 149 184 185,Private
1330,4282 4380 5023,Private
1331,4132 4165 4149 3829 29,Private
1332,56 4643,Private
1333,192 360 81 181 60 157 31,Private
1334,129 2682 3321 5341,Private
1335,320 2961 77,Private
1336,2178 546 2185 504 187,Private
1337,2672 54 1208 2687,Private
1338,4817 1413 97,Private
1339,33 12 4134,Private
1340,1574 1401 73 1422 1654 25,Private
1341,0 5 4817 3829 26,Private
1342,33 4 38 147 149,Private
1343,160 3470 2704 179 2677 5337 346,Private
1344,135 11 139 179 26,Private
1345,194 179 2677 23,Private
1346,3312 459 244 55,Private
1347,3 13 17 20 2714 29 190,Private
1348,256 2668 6,Private
1349,7 430 724 213 607,Private
1350,56 5337 11 3470,Private
1351,1 33 70 2513 18,Private
1352,1472 102 73 1387 1388 146 1855,Private
1353,1411 1383 1674 45 175 1617,Private
1354,3313 3314 147,Private
1355,2 1388 14,Private
1356,88 89 19 16,Private
1357,1465 1450 3299,Private
1358,273 202 292 47,Private
1359,3 7 147 86 2522,Private
1360,2680 9 54 78,Private
1361,1128 105 76 14,Private
1362,601 142 63,Private
1363,2680 5337 410 2677,Private
1364,9 2668 12 19 1206 2680,Private
1365,9 66 2542,Private
1366,289 2693 5337 2714 2687,Private
1367,193 69 7 4239 4338,Private
1368,3320 2513 12 54,Private
1369,69 12 4817 147 52 54,Private
1370,0 2727 149 23 28 4221,Private
1371,1128 1129 427 3236,Private
1372,321 2598 745 396 655 22 281,Private
1373,1 4867 68 199 57 732,Private
1374,1 422 396 207 178 55,Private
1375,24 4131 63,Private
1376,2513 3 52 2517,Private
1377,2952 2961 35,Private
1378,103 9 1385 77 1523 26,Private
1379,1457 1531 1422,Private
1380,3 7 11 44 2522,Private
1381,1411 38 1448 1386 1684 58 63,Private
1382,2594 4 5 3236 69 9 10 4817 147 54,Private
1383,7 10 558 533 188,Private
1384,3321 3729,Private
1385,147 52 12,Private
1386,2669 2701 2681 186 2842,Private
1387,2520 2569 2532,Private
1388,2482,Private
1389,41 66 69 121,Private
1390,139 230,Private
1391,320 193 4124,Private
1392,16 99 157 3470,Private
1393,8 0 2520,Private
1394,5337 9,Private
1395,1440 2513 4121,Private
1396,67 99 36 12 52 60,Private
1397,4834 3145 4143 4817 4823 4860,Private
1398,1155 1157 1167 1141 1150,Private
1399,2624 37,Private
1400,3149 3152 3155 147 3157 54,Private
1401,128 450 4 149 4246,Private
1402,705 3970 389 18 2584 1210 191,Private
1403,3170 2531 2212 2523,Private
1404,705 191 157 3926 3830 3965 3871,Private
1405,2279 3470 211 2262 91,Private
1406,2675 2684 5 3167,Private
1407,2704 2765 2678,Private
1408,3520 32 3 3519 276 3263,Private
1409,808 275,Private
1410,195 207 179 181 53,Private
1411,29 27 93,Private
1412,0 2529 2 33 7 12,Private
1413,24 73 19,Private
1414,4250 4 4670,Private
1415,208 19 188 198,Private
1416,4641 3335 1384 2709 4664 56,Private
1417,0 3144 3156,Private
1418,4384 4282 4261 4218,Private
1419,33 140 12 2513 4818 2516 2517 2520 27,Private
1420,1216 3470 2255 1208 1277 671,Private
1421,395 527 178 183 190,Private
1422,52 54 2519,Private
1423,128 44 149,Private
1424,3144 2523 4132,Private
1425,356 2297 2249 521 601 63,Private
1426,194 552 299 491 16 372,Private
1427,4896 33 4131 4848 29,Private
1428,3 105 12 49 3314 916,Private
1429,97 33 2276 4295 11 2680,Private
1430,2619 2604 2607,Private
1431,2674 2684 149,Private
1432,1745 29 38,Private
1433,1753 244 2249,Private
1434,2682 5339 149,Private
1435,49 1213 14 4311,Private
1436,195 70 3087 311 29 62,Private
1437,2722 2714 2684 2860,Private
1438,2601 2612 2604 2615,Private
1439,2674 2684 2671,Private
1440,160 2667 5356,Private
1441,4131 7 52 27 2524,Private
1442,34 67 13 82 916 149 254 2686,Private
1443,2512 52 5 54,Private
1444,17 37,Private
1445,1128 1233 5027,Private
1446,5350 11 2667 80 2480 2674 5205 1595,Private
1447,184 81,Private
1448,4817 4282 4235 54,Private
1449,3 12 54 7,Private
1450,907 2669 179 180 2811,Private
1451,4617 2667,Private
1452,1221 1205 1208 1210 5341,Private
1453,4217 4218 4283,Private
1454,3168 33 66 97 6 3313,Private
1455,1673 4644 3326 3335,Private
1456,1 7 108 15 149,Private
1457,9 2699 3470 54 5341,Private
1458,2178 2538 11 4819 54 2680,Private
1459,9 107 12 263,Private
1460,38 16 149 2680 28,Private
1461,4217 4233 187 671,Private
1462,3494 2695 9 2674 5335,Private
1463,160 66 73 9 1801 1387 15 16 1745 1435,Private
1464,1 194 139 182,Private
1465,33 5 133 4233 4234 11 18 4819 21 86,Private
1466,102 1383 71 1483 1394 1402,Private
1467,2675 60,Private
1468,202 54,Private
1469,11 9 5339 3470,Private
1470,3 512 99,Private
1471,1442 3466 15,Private
1472,2672 178 884 2677 149 343,Private
1473,3456 3453 3454,Private
1474,289 5027 4428 3169,Private
1475,103 3470 3473 149 3479,Private
1476,4320 4226 3236 14 4222,Private
1477,15 1383 1454 1391,Private
1478,200 9,Private
1479,4231 4232 5041 4217 4218 4413,Private
1480,1538 1383 85 1654 26,Private
1481,3312 3729 703,Private
1482,1 42 52 70,Private
1483,1424 25 1413 2709,Private
1484,3168 147 869,Private
1485,5201 5202 5206,Private
1486,4545 3906 3888 18 2294,Private
1487,1217 3848 3313 275 1460 1207 1208,Private
1488,67 37 180 23 184,Private
1489,2818 2699 2670,Private
1490,41 4131 4142 231,Private
1491,66 2243 7 52 26,Private
1492,2496 1544 2480 2194 3356,Private
1493,18 29 215,Private
1494,4652 2479 2481 146 1460 3321 1406 191,Private
1495,261 935 14 178 404 216 155,Private
1496,3144 236 157,Private
1497,1636 1673 1385 1613 15,Private
1498,54 1 70,Private
1499,520 2667 2702 2672 2673 2770 2674 2714 2682,Private
1500,66 11 4821 54,Private
1501,0 2979 29 2951,Private
1502,33 2 4233 4822 2522,Private
1503,1449 3210 1491 3199,Private
1504,27 124 1390,Private
1505,121 98 11 119,Private
1506,920 586 70 4839,Private
1507,4217 4218 239,Private
1508,2693 2667 2668 2699 149 2714,Private
1509,12 2513 52 4149 2517,Private
1510,2705 2668 3526 3519,Private
1511,257 671,Private
1512,0 33 4 147 54 61,Private
1513,3145 3177 4878 41,Private
1514,0 2714 54,Private
1515,4 4328 4265 49 29,Private
1516,5201 115 3197,Private
1517,1857 867 3012 869 142 724,Private
1518,11 2668 2667 2699 1208,Private
1519,1424 1395 1606 3335,Private
1520,320 508 31,Private
1521,134 1459 1944 1752 56,Private
1522,52 5 2526,Private
1523,2669 2701 5232 5339 1500 2686,Private
1524,4217 4219 29,Private
1525,2600 2607 2646 2616 2622,Private
1526,4643 1403 1703,Private
1527,266 388 119,Private
1528,194 709 7,Private
1529,9 11 14 52 26,Private
1530,2852 9 2892 2704 5205 2680,Private
1531,1444 1447 1383 73 74 1740 15 1713 55 124,Private
1532,2600 2601 2611 2612,Private
1533,2520 69 2526 2519,Private
1534,3842 1731 3335 3976 2194 3319,Private
1535,5 9 11 12 82,Private
1536,2538 2513 2516 2520 29,Private
1537,2688 13 180 2843 2685 2686,Private
1538,5337 9,Private
1539,179 60 149 2892,Private
1540,321 5027 37 209 497 3000,Private
1541,5249 11 5341,Private
1542,3000 49 1127,Private
1543,1 2714 2670,Private
1544,3770 18 3471 3738,Private
1545,1565 3470,Private
1546,4 3236 3238 3244 4140,Private
1547,5346 2692 3470 2767 2704 2678,Private
1548,65 194 229,Private
1549,0 12 3470 2677 149,Private
1550,3314 187 2479,Private
1551,0 11,Private
1552,2528 98 12 52 54,Private
1553,63 4227 37 1127,Private
1554,963 2179 6 10 213,Private
1555,705 4131 4166 17 4149 4825 3835,Private
1556,3891 3860 3831 376 3934,Private
1557,4224 29 31,Private
1558,2693 2699 3887 3314 149 54,Private
1559,2512 0 69,Private
1560,52 4132,Private
1561,4643 1384 3377 2194 2484 56,Private
1562,135 11 18 54 59 29,Private
1563,2616 2633 2629,Private
1564,4224 578 8 4297 142 22 29,Private
1565,4231 430 1207 4249 1277,Private
1566,2754 324,Private
1567,2680 34 2677,Private
1568,210 316 740,Private
1569,16 1971 1397,Private
1570,192 178 181,Private
1571,3044 246,Private
1572,2997,Private
1573,26 4 4230 239 4246 4282 28,Private
1574,33 12 147 2516 2526,Private
1575,4619 566 7,Private
1576,5201 55,Private
1577,2521 18 54,Private
1578,11 5356 3470 5075 149 5335 61,Private
1579,29 3148 12,Private
1580,3144 3177 54,Private
1581,3144 3145 400 2514 2520 93,Private
1582,195 5028 178 180 29,Private
1583,1233 5026 869 342,Private
1584,66 2955 29 2982,Private
1585,24 121 2578 26,Private
1586,3008 4819 3316 3829 4924,Private
1587,32 2668 160,Private
1588,56 1 189 207,Private
1589,39 8 9 2604 54,Private
1590,4261 4390 1517 4304 4404 26,Private
1591,2528 2543 4819 2517 54,Private
1592,3041 195 3044 3084 3027 469 315 2109,Private
1593,52 2765 2695,Private
1594,128 49 4 4149,Private
1595,3470 2704 149 2680 5341,Private
1596,1597 3197 5214,Private
1597,1392 1395 191,Private
1598,3 5 2513 442 29,Private
1599,3144 3145 3172 54,Private
1600,25 34 108 70,Private
1601,1385 1602 1399,Private
1602,602 18 3556 3871,Private
1603,0 4867 2694 6 2510 57 2686,Private
1604,2699 3564 149 54,Private
1605,360 419 430,Private
1606,8 12,Private
1607,57 2961,Private
1608,394 78 207 272 692 60 5022 3487,Private
1609,8 41,Private
1610,578 3145 3152 3159 26,Private
1611,37 18 54 5337 61 671,Private
1612,33 4131 171 4142 3150,Private
1613,33 4 70 79 147 4217,Private
1614,200 2699 2672 180 149 2746,Private
1615,2112 1425 1395 1574,Private
1616,4226 323 2695 1964 61,Private
1617,3144 3177 54,Private
1618,104 1417 1673 1418,Private
1619,712 1 716 380,Private
1620,53 181 927,Private
1621,2256 11 5342 3254,Private
1622,0 5 69,Private
1623,2676 2324 54 3591,Private
1624,3312 2480 3470,Private
1625,2682 1654,Private
1626,194 196 869 2699 206 47 184 90 959,Private
1627,1544 29 1390 711,Private
1628,5104 4226 4227 4405,Private
1629,5339 12,Private
1630,33 52 2677 149,Private
1631,338 226 75 709,Private
1632,9 11,Private
1633,423 42 194 183,Private
1634,664 289 182,Private
1635,56 1673 1946 4647,Private
1636,3312 1559 191,Private
1637,3 12 4165 2511,Private
1638,832 37 70 4304 212 52 692,Private
1639,195 6 557 14 157,Private
1640,512 194 10 241 541,Private
1641,3144 3150 3152 3153 3165,Private
1642,262 2310 2984 2668 2252 2671 5232 1595 2109,Private
1643,179 21 342 207,Private
1644,4218 4323 4402,Private
1645,3144 3153 3160 3,Private
1646,4256 4 4232 4220 4222,Private
1647,705 388 737 617,Private
1648,226 21 566,Private
1649,3473 2689 13 3470,Private
1650,259 11 303 179 149 2677 5337,Private
1651,192 608 207,Private
1652,3236 4 1128 4364 4222,Private
1653,4233 1219 4692 37,Private
1654,26 2516,Private
1655,26 27 93 29,Private
1656,2512 2570,Private
1657,149,Private
1658,3144 3147 3148 3189 92,Private
1659,160 149,Private
1660,194 346 3470,Private
1661,4304 4245 4222 4279,Private
1662,0 2 35 105 54,Private
1663,33 5 8 2201 93,Private
1664,11 60 2677 102,Private
1665,4618 219,Private
1666,2763 1211 2695,Private
1667,4624 34 2700 2686,Private
1668,3144 3145,Private
1669,320 1 3 709 1678 629 184,Private
1670,2520 3 85,Private
1671,882 4217 4219 4220 4223,Private
1672,192 1 426 259,Private
1673,2178 91 92,Private
1674,102 1390 1495 1688 1887,Private
1675,3488 2707 3478 3479 3517,Private
1676,520 192 1472,Private
1677,2526 2557 2510,Private
1678,194 677,Private
1679,4137 2 4891 54,Private
1680,2513 58 54 22,Private
1681,4643 4645 1384 40 207 56 1597,Private
1682,33 9 3470 2677 54 91,Private
1683,4817 86,Private
1684,2961 13 1606 97,Private
1685,8 29 15,Private
1686,109 16 692 154 798,Private
1687,10 944 569 188 735,Private
1688,258 426 239 178 83 182,Private
1689,33 9,Private
1690,1209 427 191,Private
1691,12 2677 2519,Private
1692,24 3145,Private
1693,4137 2,Private
1694,280 4226 11 916,Private
1695,4226 37 3470 5335 2680,Private
1696,0 12 869,Private
1697,2497 11 2699 3022 3470 3312 3313 3314 2484 3319 2680,Private
1698,1 3 3145 239 4817,Private
1699,4325 4310,Private
1700,160 54 2680 5341 3551,Private
1701,33 4867 5 4817 2526,Private
1702,17 3740 29 703,Private
1703,2757 2695 9 2768 149 5366 2680,Private
1704,2513 2572 1,Private
1705,792 450 179,Private
1706,1 19 12,Private
1707,1210 515 157 1207,Private
1708,3146 4 20,Private
1709,3145 4818 27 54,Private
1710,8 9 149,Private
1711,1384 207 1680 243 213 1946 219 63,Private
1712,49 194 21,Private
1713,0 4234 3 86,Private
1714,3147 157 3166,Private
1715,9 194 27,Private
1716,7 4233 4688 86 63,Private
1717,216 1 10 183,Private
1718,72 1385 27 132,Private
1719,188 709 118,Private
1720,1 50 66,Private
1721,128 43 11 1400 1853 1407,Private
1722,0 2 4155 4130,Private
1723,2620 149 2646 2799,Private
1724,160 34 3530 2668 3517,Private
1725,3217 3197 1388 5213,Private
1726,80 2 11 3470,Private
1727,2480 5337 82,Private
1728,105 5346 54,Private
1729,1857 44 187 1243 2479 2480 3319 3387,Private
1730,4323 4294 4218 4219 4223,Private
1731,2961 3146 11,Private
1732,578 49 4217 4221 4222,Private
1733,0 9 147 2804 149 60,Private
1734,47 82 4345 29 62,Private
1735,0 66 67 35 2959 3829,Private
1736,94 37 149 22,Private
1737,1408 1733 1383 74 1392 1557,Private
1738,1386 1404 66,Private
1739,4641 1395 1390 1763,Private
1740,9 12 5,Private
1741,68 36 463,Private
1742,1386 1419 1426 1430 1406,Private
1743,6 3470 2799 3477 2680 57,Private
1744,33 3 7 104 54,Private
1745,2483 2479,Private
1746,2680 9 149 54,Private
1747,2699 2669 149,Private
1748,33 11 12 149,Private
1749,178 5048 4249 698 220 189 62,Private
1750,1402 1390 1446 1398,Private
1751,11 2677,Private
1752,672 194 52,Private
1753,2513 31 33,Private
1754,11 5,Private
1755,1392 1643,Private
1756,4641 207,Private
1757,2 21,Private
1758,2569 4825 2537 2510,Private
1759,2680 70 30,Private
1760,0 2 4131 68 4165 4868 4135 4200 4817 18 4149 29,Private
1761,1383 1673 1748 85 1431,Private
1762,1 26 2548 5,Private
1763,1384 442 4190,Private
1764,3480 9 66 22,Private
1765,194 181,Private
1766,257 4818 7,Private
1767,102 583 15 1424 212 52,Private
1768,1412 1735 1417 1588 1405,Private
1769,49 26 4310,Private
1770,3 4843 17 4825 29,Private
1771,4 11 3470 51 54 1243 5341,Private
1772,11 4363 5259 3470 5242,Private
1773,0 1 26,Private
1774,25 1436 1703,Private
1775,5314 123,Private
1776,292 14 273 217 250 730,Private
1777,34 2604 3470 3314 149 54 2680,Private
1778,3 4134 4233 3729 1403 187,Private
1779,0 149,Private
1780,4868 12 4817 2514 3829 54 2526,Private
1781,121 4819 4868 54,Private
1782,56 3335 173 1391,Private
1783,187 198 303,Private
1784,9 4131 95,Private
1785,2521 27 20,Private
1786,1218 1220 1231 1204 1205 341 1208 159,Private
1787,3403 1699 3343,Private
1788,586 236 179 698 541,Private
1789,672 541,Private
1790,128 193 714 209 1503,Private
1791,2668 3529 180,Private
1792,157 23,Private
1793,2680 2667 5339,Private
1794,2344 91 2480 2695,Private
1795,124 3470 1871,Private
1796,2788 3470,Private
1797,4 4230 14 239 4282,Private
1798,2763 29 149,Private
1799,0 4233 4867 29,Private
1800,5346 11 5335,Private
1801,195 3044 3050 3022 29,Private
1802,1 210 2686 894,Private
1803,58 1383 71 1495,Private
1804,1536 137 1624 1436,Private
1805,1384 1947 1495,Private
1806,228 38 7 9 11 16 179,Private
1807,192 15 532 20 29,Private
1808,1 5 49,Private
1809,2704 2681 11 2669,Private
1810,0 4866 147,Private
1811,4896 0 5 9 12 4821 4825 92,Private
1812,2668 3012 3517 149,Private
1813,4643 1415 1424 1552 1619,Private
1814,5332 1741,Private
1815,0 4234 4847 4818 2527,Private
1816,320 98 2215 3314 855,Private
1817,1 11 2701 2678 3321 4223,Private
1818,2 1708 12 47 58 28 94,Private
1819,3145 108 54,Private
1820,170 66 35,Private
1821,160 11 178 149 214 21,Private
1822,4226 5350 2668 2672 5341,Private
1823,4138 4165 4135,Private
1824,2722 2249 3312 1528 3324,Private
1825,2 1438 1412 139 1726 54 3198 94,Private
1826,1442 1410 1385 1398 1719,Private
1827,18 149 26 123 2844,Private
1828,41 4859 7,Private
1829,0 24 4849 70,Private
1830,149 3470 2279,Private
1831,3236 3470 149 2997 4255,Private
1832,4817 121 4847,Private
1833,24 33 2594 2525,Private
1834,0 97 45 15 61,Private
1835,1889 1859,Private
1836,289 199 261 183,Private
1837,26 12,Private
1838,4258 26 4,Private
1839,2480 2482 13,Private
1840,2714 2708 2669,Private
1841,2546 4847 2178,Private
1842,3015 3022 311 183 29 31,Private
1843,3148 3189,Private
1844,953 77 3022 1759,Private
1845,2178 2179 3312 2194 187,Private
1846,4400 698 10 228,Private
1847,13 149,Private
1848,36 12 2604,Private
1849,128 74 1404 102,Private
1850,867 3 281 504 217,Private
1851,160 5337 842 149,Private
1852,2561 2594 4830,Private
1853,128 4282 4236 4232,Private
1854,2672 5337 5350 3470,Private
1855,12 11 4 149,Private
1856,1792 51 4940 54,Private
1857,1385 1674 1879,Private
1858,3584 179 3566,Private
1859,2560 3177 11 2523,Private
1860,2788 2695 11 186 2687,Private
1861,2249 3275 3013,Private
1862,489 3201 1727,Private
1863,2629 2639,Private
1864,4131 105 3470 149 5372,Private
1865,3144 54,Private
1866,4138 2187 147 4824 4185 91,Private
1867,2674 212 36 54,Private
1868,4642 1597,Private
1869,1251 3013 3845 3272 3829 1208 3961 157 3839,Private
1870,3616 2668 3516 3566,Private
1871,8 0 4131 54,Private
1872,2722 2249 2799 2480 3312 3321,Private
1873,2631 2600 2604 2610 2612 2617,Private
1874,4297 9 49 2997 2999,Private
1875,1 2678 99 2758,Private
1876,6 204 695 317 671,Private
1877,580 2693 10 179 3477 30,Private
1878,9 11 12 7,Private
1879,9 11 2604 2672 5341,Private
1880,33 98 12 4911 54 27 29,Private
1881,3488 54,Private
1882,4866 36 4868 169 3146 12 3315 3316 93,Private
1883,12 1860,Private
1884,4386 105 2480 3479 4217 4219 4220,Private
1885,66 147 1394 15,Private
1886,1 2810 2668 87,Private
1887,5026 3236 4231 711 1517 239 86 63,Private
1888,3520 5233 160,Private
1889,37 69 9 105 52,Private
1890,2680 2699 5340 149,Private
1891,2695 2680 57 186 5339,Private
1892,7 295 200 202 686 182 317,Private
1893,5346 2728 9 303 24 26,Private
1894,2479 3320 3321 187 191,Private
1895,2692 149 5366,Private
1896,104 1387 1935 119 124,Private
1897,4232 4297 4,Private
1898,4217 4323 4261 86,Private
1899,152 732 831,Private
1900,18 2 149,Private
1901,920 292 215,Private
1902,1680 1753 2513 1413,Private
1903,417 196 713 723 183 922 31,Private
1904,3617 2799 2704 3537 2682 3548,Private
1905,66 1605 39 3312 3344,Private
1906,2513 33,Private
1907,3170 3144 3145 147 3157,Private
1908,0 3841 4130 4131 2 4165 3898,Private
1909,178 28 253 23,Private
1910,194 423 7 202 431 55 347,Private
1911,70 9 2513 2520 27,Private
1912,5336 105 61 3470,Private
1913,33 12 4817,Private
1914,33 3 52 12,Private
1915,2805 13 1276 3517,Private
1916,0 57 29 79,Private
1917,0 128 2693 9 11 2799 147,Private
1918,6 744 19 189 223,Private
1919,3473 82 1389,Private
1920,3144 3145 3170 2560,Private
1921,2668 179 2676 149 3517,Private
1922,5 2534 12 52 54 3320,Private
1923,1502 15,Private
1924,66 131 98 194 196 13 51 85 218,Private
1925,578 469 311,Private
1926,2704 2682 2842 180,Private
1927,73 5341 149,Private
1928,1449 2 1667 1495,Private
1929,42 206 2714,Private
1930,1 147 4926 519,Private
1931,129 218 3473,Private
1932,32 2700 2677,Private
1933,3144 147 3172,Private
1934,3384 3321 3312 93,Private
1935,9 2259 102 311,Private
1936,209 178 29 533,Private
1937,192 1 194 99 7 555 28 815 181 316,Private
1938,4131 5230,Private
1939,3470 2671 78 103,Private
1940,4819 93,Private
1941,320 2178 323 227 1990 1384 556 1870 1500,Private
1942,11 9 3470 54,Private
1943,3145 3177 3144,Private
1944,4810 52 21 54 2552,Private
1945,4218 4251 37,Private
1946,8 29 149 62,Private
1947,2695 2701 2703 180 149 763,Private
1948,66 1384 1385 104 1451 1391 17 1395 22 1499,Private
1949,160 520 3529 3566 2705 3517,Private
1950,4226 4 4236 14 239 4217,Private
1951,105 1738 3470 2704 2705 2678 5340,Private
1952,4827 1413,Private
1953,460 3549 5245,Private
1954,102 9 1805 175 1402,Private
1955,98 3 9 11 3470 54 2714,Private
1956,3520 2667 11 3477 58,Private
1957,0 147 4837 2582,Private
1958,1385 1389 1392 1460 1399 1402,Private
1959,128 4224 4254 4304,Private
1960,3842 18 3860,Private
1961,44 12 2511,Private
1962,4217 4282 3556,Private
1963,4329 739 4 4253,Private
1964,1729 2 3300 3302 1385 44 146 56 29,Private
1965,194 745 713 209 178 567 63,Private
1966,1386 4643 1460,Private
1967,4896 91 54,Private
1968,178 54 2511,Private
1969,2233 869,Private
1970,32 99 4 3558 159,Private
1971,2480 1769 2482,Private
1972,104 58 1962 1400,Private
1973,2704 26 11 2676,Private
1974,64 272 37 62,Private
1975,67 39 44 79 149 124,Private
1976,6 2698 11 149 5337 2714,Private
1977,4808 12 2513 52 85,Private
1978,3 4135 43 12 2513 2514 4818 149,Private
1979,5337 18 11 5335,Private
1980,160 9 5340,Private
1981,3521 520 2699 2714 671,Private
1982,1 195 692 372 183,Private
1983,192 865 21 189,Private
1984,554 4405 37 62,Private
1985,320 113 2251,Private
1986,4835 41 11 3318 92,Private
1987,56 73 114,Private
1988,2521 66 2497,Private
1989,2704 49 11,Private
1990,3236 196 3237 3245 179 533,Private
1991,180 149 6 246,Private
1992,1528 3025 18 2297,Private
1993,0 8 54 27 62,Private
1994,2258 11 12 37,Private
1995,34 3548 2668,Private
1996,37 1483 21 87,Private
1997,16 5027 179 219,Private
1998,2690 5352 2604 13 5336 2842,Private
1999,1384 1650 38 1418,Private